{"info":{"year":"2024","version":"12","description":"Exported from roboflow.com","contributor":"","url":"https://public.roboflow.com/object-detection/undefined","date_created":"2024-05-20T20:36:51+00:00"},"licenses":[{"id":1,"url":"https://creativecommons.org/licenses/by/4.0/","name":"CC BY 4.0"}],"categories":[{"id":0,"name":"poles","supercategory":"none"},{"id":1,"name":"Bus","supercategory":"poles"},{"id":2,"name":"Pdestrian","supercategory":"poles"},{"id":3,"name":"car","supercategory":"poles"},{"id":4,"name":"pole","supercategory":"poles"},{"id":5,"name":"truck","supercategory":"poles"}],"images":[{"id":0,"license":1,"file_name":"1FELng2hOG-yjSasrq6_bQ_jpg.rf.2c87c005257c625dd636544f8fa2b794.jpg","height":640,"width":640,"date_captured":"2024-05-20T20:36:51+00:00"},{"id":1,"license":1,"file_name":"1JV2XCl2imBc67LsWBDoFg_jpg.rf.2de3c05704553284899210f2e8889c1d.jpg","height":640,"width":640,"date_captured":"2024-05-20T20:36:51+00:00"},{"id":2,"license":1,"file_name":"01ZfzeuBSaibFiliES2xog_jpg.rf.11e4dd5437abe044049fd43b5bf582dd.jpg","height":640,"width":640,"date_captured":"2024-05-20T20:36:51+00:00"},{"id":3,"license":1,"file_name":"1FivrY7g2VkXCGe1viiDMA_jpg.rf.1e1fca7cf671e399987bba690b0b1907.jpg","height":640,"width":640,"date_captured":"2024-05-20T20:36:51+00:00"},{"id":4,"license":1,"file_name":"02CO6uTpxUmUFyPYgJ1TXQ_jpg.rf.116a1d510ea67c611193064d466893f9.jpg","height":640,"width":640,"date_captured":"2024-05-20T20:36:51+00:00"},{"id":5,"license":1,"file_name":"1-IYfBmaqQP5_5sLrL7GLw_jpg.rf.200fa0ee87e7f98694ab20ab6a67adfc.jpg","height":640,"width":640,"date_captured":"2024-05-20T20:36:51+00:00"},{"id":6,"license":1,"file_name":"1G010QOR04Mb1r3OY8ju1g_jpg.rf.11f50efe2c7de26ca54a933ab6232ee7.jpg","height":640,"width":640,"date_captured":"2024-05-20T20:36:51+00:00"},{"id":7,"license":1,"file_name":"1Ik0ssElatI6LPYm5uzrJA_jpg.rf.077fd39dfd53fc348771ec997f0642e5.jpg","height":640,"width":640,"date_captured":"2024-05-20T20:36:51+00:00"},{"id":8,"license":1,"file_name":"01RIUgNooNNyFOB9dp4sTA_jpg.rf.12a59cb2f7fc8a4e3f8c64a6003ddaac.jpg","height":640,"width":640,"date_captured":"2024-05-20T20:36:51+00:00"},{"id":9,"license":1,"file_name":"1FK_7CNhGyeMbF950Pg0Ug_jpg.rf.07406c1f0d86421f0ed8fb33701aa461.jpg","height":640,"width":640,"date_captured":"2024-05-20T20:36:51+00:00"},{"id":10,"license":1,"file_name":"1EznDKEEjqvyN5AYsqQfWg_jpg.rf.22f3c5b1fd2805b2d6bc0ac519fb5412.jpg","height":640,"width":640,"date_captured":"2024-05-20T20:36:51+00:00"},{"id":11,"license":1,"file_name":"01n62RxWkoANf-euD8nziQ_jpg.rf.19a4057ba8a80dacce84fada730ac31b.jpg","height":640,"width":640,"date_captured":"2024-05-20T20:36:51+00:00"},{"id":12,"license":1,"file_name":"1-ZaSkPDUn9aWuGxkfz8EQ_jpg.rf.142d1ac75d2dafc0c390e1493f00775b.jpg","height":640,"width":640,"date_captured":"2024-05-20T20:36:51+00:00"},{"id":13,"license":1,"file_name":"01NCLRG9Ct7-gP9Usoon4A_jpg.rf.140d6dd029b76b5e8fb94fcbd78a36c1.jpg","height":640,"width":640,"date_captured":"2024-05-20T20:36:51+00:00"},{"id":14,"license":1,"file_name":"1-THsNiteotxC_Pa0pn2NQ_jpg.rf.2df85c59349c480d393b0f38d0039785.jpg","height":640,"width":640,"date_captured":"2024-05-20T20:36:51+00:00"},{"id":15,"license":1,"file_name":"1HMcYdQ02Y45xEmbMl55ug_jpg.rf.2f2e69d16ffa7d506347f498ab93a936.jpg","height":640,"width":640,"date_captured":"2024-05-20T20:36:51+00:00"},{"id":16,"license":1,"file_name":"1EW8NOjDReYZd4VpWigcHw_jpg.rf.06cc59048c5bb65603830c1e52485538.jpg","height":640,"width":640,"date_captured":"2024-05-20T20:36:51+00:00"},{"id":17,"license":1,"file_name":"1Ga_AcgSZNVWSro8V1bqdg_jpg.rf.3d2434d147d0b19c20b45490a564a1b7.jpg","height":640,"width":640,"date_captured":"2024-05-20T20:36:51+00:00"},{"id":18,"license":1,"file_name":"1HHjrkH7vVa7Sntoj5tabQ_jpg.rf.51f4b70de7ac8bbb3c1c9f0af1058038.jpg","height":640,"width":640,"date_captured":"2024-05-20T20:36:51+00:00"},{"id":19,"license":1,"file_name":"1-rZSUEBEocCcNvhaQLOtQ_jpg.rf.2ee09ba7a21fc80e43c45ca7d22f6107.jpg","height":640,"width":640,"date_captured":"2024-05-20T20:36:51+00:00"},{"id":20,"license":1,"file_name":"01YRSXumx7KmqHzNubHjfQ_jpg.rf.436bfd56f13f136a54066f944133547e.jpg","height":640,"width":640,"date_captured":"2024-05-20T20:36:51+00:00"},{"id":21,"license":1,"file_name":"01ypej2Tq0kB0xtHsKm24g_jpg.rf.37eedd150ea5847b96413982b9fea115.jpg","height":640,"width":640,"date_captured":"2024-05-20T20:36:51+00:00"},{"id":22,"license":1,"file_name":"1GT4-qkXAOP-kAF7siYItw_jpg.rf.5d0e8a344ec3548d4e9cd46c69cc4f77.jpg","height":640,"width":640,"date_captured":"2024-05-20T20:36:51+00:00"},{"id":23,"license":1,"file_name":"1-Oc1XiDXZfYc7ZLypVkvQ_jpg.rf.6a5b566596e6161bbdb45fbcfa96711d.jpg","height":640,"width":640,"date_captured":"2024-05-20T20:36:51+00:00"},{"id":24,"license":1,"file_name":"1GA2XzrJdGH74eqsSyjvAA_jpg.rf.40326f5cd9f8f0d89f37296922d50e58.jpg","height":640,"width":640,"date_captured":"2024-05-20T20:36:51+00:00"},{"id":25,"license":1,"file_name":"01x9xTyWDNO7EzlavZFvmg_jpg.rf.3a1db9732a61354386d90a36186f9747.jpg","height":640,"width":640,"date_captured":"2024-05-20T20:36:51+00:00"},{"id":26,"license":1,"file_name":"1Hu8szhwnqC5Oj-x6bIoAg_jpg.rf.880025a2353950ad29c3dfe990f6b649.jpg","height":640,"width":640,"date_captured":"2024-05-20T20:36:51+00:00"},{"id":27,"license":1,"file_name":"01PNqns5YYpTQaca_joT8A_jpg.rf.410a36010dd6c86a8fd457006a7240f8.jpg","height":640,"width":640,"date_captured":"2024-05-20T20:36:51+00:00"},{"id":28,"license":1,"file_name":"1Fz2Ok1m8ed5UO06mEOrig_jpg.rf.872790075a49586b43082f5ddf581eea.jpg","height":640,"width":640,"date_captured":"2024-05-20T20:36:51+00:00"},{"id":29,"license":1,"file_name":"1-ZbfjNc8eOwpetU58I5XA_jpg.rf.6c667e878eaa60481e0a28d485cceec9.jpg","height":640,"width":640,"date_captured":"2024-05-20T20:36:51+00:00"},{"id":30,"license":1,"file_name":"01YcXANEflN2fL3ikyz0xg_jpg.rf.924fa4b44c06086560f1642024ce1d37.jpg","height":640,"width":640,"date_captured":"2024-05-20T20:36:51+00:00"},{"id":31,"license":1,"file_name":"1FCC1f1xkYfk44gE8505vA_jpg.rf.8780cee7af0ed9cea627ed04a0f1a95a.jpg","height":640,"width":640,"date_captured":"2024-05-20T20:36:51+00:00"},{"id":32,"license":1,"file_name":"1-mA11_deZPgx3BzAAvyog_jpg.rf.56e9a153efabe501fff0488f70555fc3.jpg","height":640,"width":640,"date_captured":"2024-05-20T20:36:51+00:00"},{"id":33,"license":1,"file_name":"1Gjx1EHjjRR66srBNz5ViQ_jpg.rf.53abd963274ab4a1c4ceca49623c7170.jpg","height":640,"width":640,"date_captured":"2024-05-20T20:36:51+00:00"},{"id":34,"license":1,"file_name":"1F1hz8gOn07S8-IEsyrQ7g_jpg.rf.7ab3a221aa3f89d8ef2eb18731eb3849.jpg","height":640,"width":640,"date_captured":"2024-05-20T20:36:51+00:00"},{"id":35,"license":1,"file_name":"1-r6mHO1jkIrwpDYBCShpQ_jpg.rf.8960f266a63213ca01e80ccf03b63389.jpg","height":640,"width":640,"date_captured":"2024-05-20T20:36:51+00:00"},{"id":36,"license":1,"file_name":"1IXZTLTb7fWKxadclUwl0w_jpg.rf.8ef1a04ec28ae43a4e6b490424e04350.jpg","height":640,"width":640,"date_captured":"2024-05-20T20:36:51+00:00"},{"id":37,"license":1,"file_name":"001rPz2UtHyUzDuS721WeA_jpg.rf.95ba45eba89a6612b60737362330694e.jpg","height":640,"width":640,"date_captured":"2024-05-20T20:36:51+00:00"},{"id":38,"license":1,"file_name":"1-GiYR3xjnum6WDZrnwVHA_jpg.rf.6c8944c564e68a811519e75b6a00eedb.jpg","height":640,"width":640,"date_captured":"2024-05-20T20:36:51+00:00"},{"id":39,"license":1,"file_name":"1FPeZgYk9X-xTrHGvHVKuQ_jpg.rf.a9f4da27ef4d70d85cab42a20d03741d.jpg","height":640,"width":640,"date_captured":"2024-05-20T20:36:51+00:00"},{"id":40,"license":1,"file_name":"1G4-SoUUXylUOJHI6AQuew_jpg.rf.b5f7493a56c647036fddd9fe4a98d8ef.jpg","height":640,"width":640,"date_captured":"2024-05-20T20:36:51+00:00"},{"id":41,"license":1,"file_name":"1-ZaISH3YMflc5QQoEMRaw_jpg.rf.b17d0dbbe8f28f50579a5f7642c052f8.jpg","height":640,"width":640,"date_captured":"2024-05-20T20:36:51+00:00"},{"id":42,"license":1,"file_name":"1-kvmPPbZPgbuwSq5dTUAQ_jpg.rf.aa50105fdf8f10021d644f0c59c6ecab.jpg","height":640,"width":640,"date_captured":"2024-05-20T20:36:51+00:00"},{"id":43,"license":1,"file_name":"1Ezg20bfwrIDKOB6kPvY7Q_jpg.rf.b6f2f204d558c677870d0d8d9610b2b6.jpg","height":640,"width":640,"date_captured":"2024-05-20T20:36:51+00:00"},{"id":44,"license":1,"file_name":"1HedDmaIFSJEkXIvIwbkQQ_jpg.rf.831b3065530af0c38359543d65c13292.jpg","height":640,"width":640,"date_captured":"2024-05-20T20:36:51+00:00"},{"id":45,"license":1,"file_name":"01j9ST_nrELnGdR07Rgf6A_jpg.rf.67a114610a97c8fcb57b5de2011b9145.jpg","height":640,"width":640,"date_captured":"2024-05-20T20:36:51+00:00"},{"id":46,"license":1,"file_name":"01IELYXxfs_MKkUd1rAUsw_jpg.rf.b4f50f6229bee2a89378b98b4f582f70.jpg","height":640,"width":640,"date_captured":"2024-05-20T20:36:51+00:00"},{"id":47,"license":1,"file_name":"01z3zFNj9F57SRPJAOwnAA_jpg.rf.3dcf9dfeba3c0d6788e656820954f642.jpg","height":640,"width":640,"date_captured":"2024-05-20T20:36:51+00:00"},{"id":48,"license":1,"file_name":"1FiCF9Sctzk00ijLALnVXA_jpg.rf.b71778f807e88dfd457f3003dd6d1bb1.jpg","height":640,"width":640,"date_captured":"2024-05-20T20:36:51+00:00"},{"id":49,"license":1,"file_name":"1GgsYhkOhabWqPPOAea9VA_jpg.rf.9c7c2344b5454c32928654cf9a3ac6bc.jpg","height":640,"width":640,"date_captured":"2024-05-20T20:36:51+00:00"},{"id":50,"license":1,"file_name":"01Zl7exnjveE0IfzI2mbKA_jpg.rf.b5871a94e9b428550b0b5cbbe2b6a990.jpg","height":640,"width":640,"date_captured":"2024-05-20T20:36:51+00:00"},{"id":51,"license":1,"file_name":"1ExEEvDOJH-CHrDzF6j6zw_jpg.rf.918edf3a406c61f819ee629e8d46fd83.jpg","height":640,"width":640,"date_captured":"2024-05-20T20:36:51+00:00"},{"id":52,"license":1,"file_name":"01mkqA_1eQ8szSOE2smoQw_jpg.rf.b4e719d1d63b3c543721ff44f96a047e.jpg","height":640,"width":640,"date_captured":"2024-05-20T20:36:51+00:00"},{"id":53,"license":1,"file_name":"001tOmtZTFUNdHFzszenmg_jpg.rf.c1e995824daedb5c5e0526bd33500e24.jpg","height":640,"width":640,"date_captured":"2024-05-20T20:36:51+00:00"},{"id":54,"license":1,"file_name":"1EZ1boJhmr12X5oKHnagNw_jpg.rf.a6d8ef07e52cb7d58fc44dd75a6c639a.jpg","height":640,"width":640,"date_captured":"2024-05-20T20:36:51+00:00"},{"id":55,"license":1,"file_name":"1FecilgYAA7XnkpB60oxhw_jpg.rf.c7a1cb15a88bd150a6c7b3f9bb5b06be.jpg","height":640,"width":640,"date_captured":"2024-05-20T20:36:51+00:00"},{"id":56,"license":1,"file_name":"01_LJNYmbSeu6QpkUIM-WA_jpg.rf.c8efd56cdee2b61fd6d9d04cbc5c3bf4.jpg","height":640,"width":640,"date_captured":"2024-05-20T20:36:51+00:00"},{"id":57,"license":1,"file_name":"1HTmHBgQaz7hPzoaq4BCKA_jpg.rf.c48e21198db24f66fb08ed454c1bbd21.jpg","height":640,"width":640,"date_captured":"2024-05-20T20:36:51+00:00"},{"id":58,"license":1,"file_name":"1-llar2NRg8NHxfVIP_6Tw_jpg.rf.c821dd9dd4c39eef4cbc793ae2961f0a.jpg","height":640,"width":640,"date_captured":"2024-05-20T20:36:51+00:00"},{"id":59,"license":1,"file_name":"1HMervfe_coZSdJTvdsEEw_jpg.rf.dc7cb82bd98718633e2e6defed70f30e.jpg","height":640,"width":640,"date_captured":"2024-05-20T20:36:51+00:00"},{"id":60,"license":1,"file_name":"1ICRO9kbgNhXw5AfcBCaJg_jpg.rf.cf0e01f5ba9666160fe0b31fdb692328.jpg","height":640,"width":640,"date_captured":"2024-05-20T20:36:51+00:00"},{"id":61,"license":1,"file_name":"1FOZl_ryhsehfxfjkGhP7Q_jpg.rf.d006de2ea8d08ff7288392891a6d2c35.jpg","height":640,"width":640,"date_captured":"2024-05-20T20:36:51+00:00"},{"id":62,"license":1,"file_name":"1-jIfEX1Wv8CD0iZd48b_Q_jpg.rf.ddd3ffe6f90c75e12e1501d51ed81ca5.jpg","height":640,"width":640,"date_captured":"2024-05-20T20:36:51+00:00"},{"id":63,"license":1,"file_name":"1-kPxyHxfiex9ZFCFmzBcQ_jpg.rf.f726046ecec8946eb7d9a0a0ca21341d.jpg","height":640,"width":640,"date_captured":"2024-05-20T20:36:51+00:00"},{"id":64,"license":1,"file_name":"1-FcBu8lkUkPVkkFjLYtqg_jpg.rf.eb8d05e5632404b5df6de89022d35c68.jpg","height":640,"width":640,"date_captured":"2024-05-20T20:36:51+00:00"},{"id":65,"license":1,"file_name":"1HIFgnqTJoylB1Nc2xsX2w_jpg.rf.ff3c1b5ebb6551b22e4b5c93db6570fd.jpg","height":640,"width":640,"date_captured":"2024-05-20T20:36:51+00:00"},{"id":66,"license":1,"file_name":"1F9gLCxPm08m_v5Yas4LmQ_jpg.rf.f5fc83f3238b303b1c1861a58bc51756.jpg","height":640,"width":640,"date_captured":"2024-05-20T20:36:51+00:00"},{"id":67,"license":1,"file_name":"01tB7ththe23nR49c59GCg_jpg.rf.e58c2ba48002e98a51d0699d367f02ad.jpg","height":640,"width":640,"date_captured":"2024-05-20T20:36:51+00:00"},{"id":68,"license":1,"file_name":"1F7HpZ_aTzNIU2wzPgAiFQ_jpg.rf.eec592bbecb26417c856ae256ba802be.jpg","height":640,"width":640,"date_captured":"2024-05-20T20:36:51+00:00"},{"id":69,"license":1,"file_name":"01GnKU6FT1AkvFul52L-zg_jpg.rf.e33980f806eebee097b94514b0c89a69.jpg","height":640,"width":640,"date_captured":"2024-05-20T20:36:51+00:00"}],"annotations":[{"id":0,"image_id":0,"category_id":4,"bbox":[442,189,10.787,149.916],"area":1617.195,"segmentation":[[453.068,337.45,450.993,188.64,443.94,188.64,442.28,338.556,453.068,337.45]],"iscrowd":0},{"id":1,"image_id":0,"category_id":4,"bbox":[356,250,8.713,76.894],"area":669.968,"segmentation":[[365.11,326.939,364.28,250.045,357.227,255.577,356.397,324.173,365.11,326.939]],"iscrowd":0},{"id":2,"image_id":0,"category_id":4,"bbox":[345,270,7.06,55.621],"area":392.662,"segmentation":[[351.696,324.313,350.412,269.548,344.636,269.548,345.92,325.169,351.696,324.313]],"iscrowd":0},{"id":3,"image_id":0,"category_id":3,"bbox":[596,322,44,35],"area":1540,"segmentation":[],"iscrowd":0},{"id":4,"image_id":1,"category_id":4,"bbox":[189,102,57,326.5],"area":18610.5,"segmentation":[],"iscrowd":0},{"id":5,"image_id":1,"category_id":3,"bbox":[55,381,41,34.5],"area":1414.5,"segmentation":[],"iscrowd":0},{"id":6,"image_id":1,"category_id":4,"bbox":[39,140,27,294.5],"area":7951.5,"segmentation":[],"iscrowd":0},{"id":7,"image_id":2,"category_id":4,"bbox":[419,174,10,162.5],"area":1625,"segmentation":[],"iscrowd":0},{"id":8,"image_id":2,"category_id":4,"bbox":[99,185,11.5,154],"area":1771,"segmentation":[],"iscrowd":0},{"id":9,"image_id":2,"category_id":4,"bbox":[366,237,8,109],"area":872,"segmentation":[],"iscrowd":0},{"id":10,"image_id":2,"category_id":4,"bbox":[168,243,5.5,99.5],"area":547.25,"segmentation":[],"iscrowd":0},{"id":11,"image_id":2,"category_id":3,"bbox":[399,337,45.5,38],"area":1729,"segmentation":[],"iscrowd":0},{"id":12,"image_id":2,"category_id":5,"bbox":[305,322,17,29],"area":493,"segmentation":[],"iscrowd":0},{"id":13,"image_id":2,"category_id":3,"bbox":[327,335,13,23.5],"area":305.5,"segmentation":[],"iscrowd":0},{"id":14,"image_id":3,"category_id":4,"bbox":[330,196,48.5,260.5],"area":12634.25,"segmentation":[],"iscrowd":0},{"id":15,"image_id":3,"category_id":3,"bbox":[9,391,195.5,214.5],"area":41934.75,"segmentation":[],"iscrowd":0},{"id":16,"image_id":4,"category_id":4,"bbox":[355,96,45.455,191.515],"area":8705.234,"segmentation":[[400,100.606,354.545,95.758,355.455,120,387.273,122.424,380.909,287.273,394.545,284.848,400,100.606]],"iscrowd":0},{"id":17,"image_id":4,"category_id":4,"bbox":[160,150,33.636,112.727],"area":3791.736,"segmentation":[[160,150.303,160,263.03,171.818,259.394,172.727,169.697,192.727,168.485,193.636,151.515,160,150.303]],"iscrowd":0},{"id":18,"image_id":4,"category_id":4,"bbox":[187,179,27.273,77.576],"area":2115.703,"segmentation":[[188.182,180.606,187.273,256.97,196.364,256.97,196.364,192.727,212.727,192.727,214.545,179.394,188.182,180.606]],"iscrowd":0},{"id":19,"image_id":4,"category_id":4,"bbox":[201,190,20,61.818],"area":1236.364,"segmentation":[[201.818,200,200.909,252.121,210,248.485,208.182,210.909,220.909,206.061,220.909,190.303,201.818,200]],"iscrowd":0},{"id":20,"image_id":4,"category_id":4,"bbox":[14,155,35.455,109.091],"area":3867.769,"segmentation":[[46.364,174.545,49.091,160,15.455,155.152,13.636,264.242,23.636,263.03,25.455,174.545,46.364,174.545]],"iscrowd":0},{"id":21,"image_id":4,"category_id":4,"bbox":[2,68,33.636,20.606],"area":693.113,"segmentation":[[35.455,69.091,2.727,67.879,1.818,86.061,33.636,88.485,35.455,69.091]],"iscrowd":0},{"id":22,"image_id":5,"category_id":4,"bbox":[247,169,72.667,221.63],"area":16105.086,"segmentation":[[288.667,199.111,318.667,195.556,319.333,169.481,248.667,171.852,246.667,190.815,274.667,193.185,278.667,391.111,288.667,387.556,288.667,199.111]],"iscrowd":0},{"id":23,"image_id":5,"category_id":4,"bbox":[291,242,32.667,133.926],"area":4374.914,"segmentation":[[291.333,250.074,296,250.074,296,373.333,305.333,375.704,304.667,264.296,324,260.741,323.333,241.778,291.333,250.074]],"iscrowd":0},{"id":24,"image_id":5,"category_id":4,"bbox":[172,9,39.333,414.815],"area":16316.049,"segmentation":[[196,424.296,211.333,9.481,188.667,10.667,172,424.296,196,424.296]],"iscrowd":0},{"id":25,"image_id":5,"category_id":3,"bbox":[128,377,39.5,32],"area":1264,"segmentation":[],"iscrowd":0},{"id":26,"image_id":5,"category_id":2,"bbox":[557,351,10.5,54.5],"area":572.25,"segmentation":[],"iscrowd":0},{"id":27,"image_id":5,"category_id":2,"bbox":[532,358,8,48],"area":384,"segmentation":[],"iscrowd":0},{"id":28,"image_id":5,"category_id":2,"bbox":[520,356,9,48],"area":432,"segmentation":[],"iscrowd":0},{"id":29,"image_id":5,"category_id":2,"bbox":[418,355,5,26.5],"area":132.5,"segmentation":[],"iscrowd":0},{"id":30,"image_id":6,"category_id":4,"bbox":[348,193,23,201],"area":4623,"segmentation":[],"iscrowd":0},{"id":31,"image_id":6,"category_id":1,"bbox":[527,151,113,331],"area":37403,"segmentation":[],"iscrowd":0},{"id":32,"image_id":6,"category_id":1,"bbox":[293,354,17,21],"area":357,"segmentation":[],"iscrowd":0},{"id":33,"image_id":7,"category_id":4,"bbox":[171,0,75,406],"area":30450,"segmentation":[],"iscrowd":0},{"id":34,"image_id":7,"category_id":4,"bbox":[248,163,36,200],"area":7200,"segmentation":[],"iscrowd":0},{"id":35,"image_id":7,"category_id":5,"bbox":[44,333,79,84.5],"area":6675.5,"segmentation":[],"iscrowd":0},{"id":36,"image_id":7,"category_id":3,"bbox":[131,368,37,39],"area":1443,"segmentation":[],"iscrowd":0},{"id":37,"image_id":7,"category_id":3,"bbox":[278,367,28,38],"area":1064,"segmentation":[],"iscrowd":0},{"id":38,"image_id":7,"category_id":3,"bbox":[0,479,102,161],"area":16422,"segmentation":[],"iscrowd":0},{"id":39,"image_id":7,"category_id":3,"bbox":[329,356,15.5,22],"area":341,"segmentation":[],"iscrowd":0},{"id":40,"image_id":8,"category_id":4,"bbox":[337,67,12.5,219.5],"area":2743.75,"segmentation":[],"iscrowd":0},{"id":41,"image_id":8,"category_id":4,"bbox":[158,138,9.5,128],"area":1216,"segmentation":[],"iscrowd":0},{"id":42,"image_id":8,"category_id":4,"bbox":[311,160,6.5,105.5],"area":685.75,"segmentation":[],"iscrowd":0},{"id":43,"image_id":8,"category_id":3,"bbox":[260,256,31,46.5],"area":1441.5,"segmentation":[],"iscrowd":0},{"id":44,"image_id":8,"category_id":3,"bbox":[3,264,77,89],"area":6853,"segmentation":[],"iscrowd":0},{"id":45,"image_id":8,"category_id":3,"bbox":[79,260,59.5,72],"area":4284,"segmentation":[],"iscrowd":0},{"id":46,"image_id":8,"category_id":3,"bbox":[140,272,19.5,43.5],"area":848.25,"segmentation":[],"iscrowd":0},{"id":47,"image_id":8,"category_id":4,"bbox":[55,2,19,255.5],"area":4854.5,"segmentation":[],"iscrowd":0},{"id":48,"image_id":8,"category_id":4,"bbox":[176,261,30.5,40],"area":1220,"segmentation":[],"iscrowd":0},{"id":49,"image_id":8,"category_id":4,"bbox":[160,268,15.5,45.5],"area":705.25,"segmentation":[],"iscrowd":0},{"id":50,"image_id":9,"category_id":4,"bbox":[238,306,29.5,112],"area":3304,"segmentation":[[240,358.222,237.5,378.667,237.5,402.667,239,416,246.5,417.778,250.5,412.444,251.5,388.444,252.5,368,252.5,350.222,253,332.444,259,329.778,266,324.444,267,318.222,264,305.778,251,306.667,243,314.667,240.5,336,240,358.222]],"iscrowd":0},{"id":51,"image_id":9,"category_id":3,"bbox":[311,400,25,38],"area":950,"segmentation":[],"iscrowd":0},{"id":52,"image_id":9,"category_id":4,"bbox":[339,196,32.5,242],"area":7865,"segmentation":[],"iscrowd":0},{"id":53,"image_id":10,"category_id":4,"bbox":[167,204,9.008,168.941],"area":1521.741,"segmentation":[[174.746,368.308,175.647,204.171,166.639,204.171,167.99,373.112,174.746,368.308]],"iscrowd":0},{"id":54,"image_id":10,"category_id":3,"bbox":[107,360,161.5,219.5],"area":35449.25,"segmentation":[],"iscrowd":0},{"id":55,"image_id":10,"category_id":3,"bbox":[278,366,38.5,53.5],"area":2059.75,"segmentation":[],"iscrowd":0},{"id":56,"image_id":10,"category_id":3,"bbox":[381,355,66.5,89],"area":5918.5,"segmentation":[],"iscrowd":0},{"id":57,"image_id":10,"category_id":3,"bbox":[2,398,129,164.5],"area":21220.5,"segmentation":[],"iscrowd":0},{"id":58,"image_id":11,"category_id":4,"bbox":[166,164,24.5,144.5],"area":3540.25,"segmentation":[],"iscrowd":0},{"id":59,"image_id":11,"category_id":4,"bbox":[204,210,8,86.5],"area":692,"segmentation":[],"iscrowd":0},{"id":60,"image_id":11,"category_id":4,"bbox":[321,91,34.5,213],"area":7348.5,"segmentation":[],"iscrowd":0},{"id":61,"image_id":11,"category_id":4,"bbox":[282,219,6,80.5],"area":483,"segmentation":[],"iscrowd":0},{"id":62,"image_id":11,"category_id":4,"bbox":[297,198,8.5,95],"area":807.5,"segmentation":[],"iscrowd":0},{"id":63,"image_id":12,"category_id":4,"bbox":[112,187,23.5,128],"area":3008,"segmentation":[],"iscrowd":0},{"id":64,"image_id":12,"category_id":4,"bbox":[165,229,16,77],"area":1232,"segmentation":[],"iscrowd":0},{"id":65,"image_id":12,"category_id":4,"bbox":[463,196,14,89.5],"area":1253,"segmentation":[],"iscrowd":0},{"id":66,"image_id":12,"category_id":4,"bbox":[406,231,13.5,84.5],"area":1140.75,"segmentation":[],"iscrowd":0},{"id":67,"image_id":12,"category_id":4,"bbox":[194,248,10.5,63.5],"area":666.75,"segmentation":[],"iscrowd":0},{"id":68,"image_id":12,"category_id":3,"bbox":[83,316,94,90],"area":8460,"segmentation":[],"iscrowd":0},{"id":69,"image_id":12,"category_id":3,"bbox":[221,319,66,45.5],"area":3003,"segmentation":[],"iscrowd":0},{"id":70,"image_id":12,"category_id":3,"bbox":[538,323,65,53.5],"area":3477.5,"segmentation":[],"iscrowd":0},{"id":71,"image_id":12,"category_id":3,"bbox":[477,329,65,44.5],"area":2892.5,"segmentation":[],"iscrowd":0},{"id":72,"image_id":12,"category_id":3,"bbox":[419,328,42.5,28],"area":1190,"segmentation":[],"iscrowd":0},{"id":73,"image_id":12,"category_id":3,"bbox":[297,325,33.5,32],"area":1072,"segmentation":[],"iscrowd":0},{"id":74,"image_id":12,"category_id":3,"bbox":[600,327,37.5,50],"area":1875,"segmentation":[],"iscrowd":0},{"id":75,"image_id":12,"category_id":3,"bbox":[339,326,24,26.5],"area":636,"segmentation":[],"iscrowd":0},{"id":76,"image_id":13,"category_id":4,"bbox":[411,1,37.5,163.5],"area":6131.25,"segmentation":[],"iscrowd":0},{"id":77,"image_id":13,"category_id":4,"bbox":[85,3,36.5,326],"area":11899,"segmentation":[],"iscrowd":0},{"id":78,"image_id":13,"category_id":4,"bbox":[253,152,13.5,126],"area":1701,"segmentation":[],"iscrowd":0},{"id":79,"image_id":13,"category_id":4,"bbox":[285,193,9,89.5],"area":805.5,"segmentation":[],"iscrowd":0},{"id":80,"image_id":13,"category_id":3,"bbox":[316,275,44.5,51],"area":2269.5,"segmentation":[],"iscrowd":0},{"id":81,"image_id":13,"category_id":3,"bbox":[219,269,66.5,64],"area":4256,"segmentation":[],"iscrowd":0},{"id":82,"image_id":13,"category_id":2,"bbox":[528,283,56,168],"area":9408,"segmentation":[],"iscrowd":0},{"id":83,"image_id":13,"category_id":5,"bbox":[294,240,27.5,44.5],"area":1223.75,"segmentation":[],"iscrowd":0},{"id":84,"image_id":14,"category_id":4,"bbox":[296,144,43.636,183.03],"area":7986.777,"segmentation":[[339.091,147.879,300,144.242,296.364,163.636,324.545,166.061,324.545,327.273,340,326.061,339.091,147.879]],"iscrowd":0},{"id":85,"image_id":14,"category_id":4,"bbox":[290,217,22.006,93.778],"area":2063.689,"segmentation":[[292.121,216.897,289.963,230.13,305.066,234.157,306.36,310.675,311.97,309.524,311.107,222.65,292.121,216.897]],"iscrowd":0},{"id":86,"image_id":14,"category_id":4,"bbox":[202,258,6.904,36.245],"area":250.234,"segmentation":[[201.939,259.471,202.37,294.566,208.843,293.991,207.548,258.321,201.939,259.471]],"iscrowd":0},{"id":87,"image_id":14,"category_id":4,"bbox":[57,201,124.27,120.818],"area":15014.064,"segmentation":[[125.564,225.527,127.29,212.87,132.468,202.514,109.168,200.788,109.168,210.569,115.64,216.322,115.209,230.13,57.389,227.828,58.683,238.76,115.64,241.061,115.209,320.456,124.27,321.606,125.133,238.76,181.659,240.485,180.796,228.979,125.564,225.527]],"iscrowd":0},{"id":88,"image_id":14,"category_id":3,"bbox":[410,313,95,85.5],"area":8122.5,"segmentation":[],"iscrowd":0},{"id":89,"image_id":14,"category_id":3,"bbox":[128,297,97.5,95.5],"area":9311.25,"segmentation":[],"iscrowd":0},{"id":90,"image_id":14,"category_id":3,"bbox":[220,314,22.5,35.5],"area":798.75,"segmentation":[],"iscrowd":0},{"id":91,"image_id":14,"category_id":5,"bbox":[235,289,30,43.5],"area":1305,"segmentation":[],"iscrowd":0},{"id":92,"image_id":14,"category_id":3,"bbox":[273,304,34,50],"area":1700,"segmentation":[],"iscrowd":0},{"id":93,"image_id":14,"category_id":3,"bbox":[372,311,50,56.5],"area":2825,"segmentation":[],"iscrowd":0},{"id":94,"image_id":14,"category_id":3,"bbox":[339,312,36,45.5],"area":1638,"segmentation":[],"iscrowd":0},{"id":95,"image_id":15,"category_id":4,"bbox":[323,7,86.5,478],"area":41347,"segmentation":[],"iscrowd":0},{"id":96,"image_id":15,"category_id":3,"bbox":[186,402,57.5,83.5],"area":4801.25,"segmentation":[],"iscrowd":0},{"id":97,"image_id":16,"category_id":4,"bbox":[29,7,12,288],"area":3456,"segmentation":[[40,295.111,40.667,7.111,29.333,11.852,28.667,293.926,40,295.111]],"iscrowd":0},{"id":98,"image_id":16,"category_id":4,"bbox":[147,78,27.333,199.111],"area":5442.37,"segmentation":[[172.667,99.556,174,78.222,148,79.407,146.667,277.333,157.333,274.963,158.667,100.741,172.667,99.556]],"iscrowd":0},{"id":99,"image_id":16,"category_id":4,"bbox":[185,137,20,138.667],"area":2773.333,"segmentation":[[186.667,143.407,184.667,276.148,194.667,276.148,194.667,155.259,204,155.259,204.667,137.481,186.667,143.407]],"iscrowd":0},{"id":100,"image_id":16,"category_id":4,"bbox":[208,173,14.556,100.695],"area":1465.679,"segmentation":[[208.21,172.7,207.893,273.394,213.906,271.706,214.222,184.513,222.449,183.388,222.449,172.7,208.21,172.7]],"iscrowd":0},{"id":101,"image_id":16,"category_id":4,"bbox":[221,217,3.797,48.378],"area":183.699,"segmentation":[[220.551,216.578,220.867,264.956,224.348,263.831,224.031,218.265,220.551,216.578]],"iscrowd":0},{"id":102,"image_id":16,"category_id":4,"bbox":[229,223,4.248,41.314],"area":175.499,"segmentation":[[233.638,263.874,233.138,223.449,229.39,223.449,229.64,264.762,233.638,263.874]],"iscrowd":0},{"id":103,"image_id":16,"category_id":3,"bbox":[214,260,47.5,72],"area":3420,"segmentation":[],"iscrowd":0},{"id":104,"image_id":17,"category_id":4,"bbox":[312,244,38,204.5],"area":7771,"segmentation":[],"iscrowd":0},{"id":105,"image_id":17,"category_id":3,"bbox":[229,411,22.5,24.5],"area":551.25,"segmentation":[],"iscrowd":0},{"id":106,"image_id":17,"category_id":3,"bbox":[266,408,26,21],"area":546,"segmentation":[],"iscrowd":0},{"id":107,"image_id":18,"category_id":4,"bbox":[478,68,120,436.5],"area":52380,"segmentation":[],"iscrowd":0},{"id":108,"image_id":18,"category_id":4,"bbox":[349,300,42.5,169],"area":7182.5,"segmentation":[],"iscrowd":0},{"id":109,"image_id":18,"category_id":3,"bbox":[119,436,88.5,72],"area":6372,"segmentation":[],"iscrowd":0},{"id":110,"image_id":18,"category_id":3,"bbox":[283,438,26.5,29],"area":768.5,"segmentation":[],"iscrowd":0},{"id":111,"image_id":18,"category_id":3,"bbox":[201,442,27.5,26.5],"area":728.75,"segmentation":[],"iscrowd":0},{"id":112,"image_id":19,"category_id":4,"bbox":[20,6,48,404.148],"area":19399.111,"segmentation":[[56.667,410.074,68,5.926,40,10.667,20,397.037,56.667,410.074]],"iscrowd":0},{"id":113,"image_id":19,"category_id":4,"bbox":[108,155,28.667,113.778],"area":3261.63,"segmentation":[[112.667,160,108,267.852,118.667,269.037,121.333,176.593,136.667,174.222,136,155.259,112.667,160]],"iscrowd":0},{"id":114,"image_id":19,"category_id":4,"bbox":[274,5,12,184.889],"area":2218.667,"segmentation":[[276,4.741,274,187.259,284,189.63,286,9.481,276,4.741]],"iscrowd":0},{"id":115,"image_id":19,"category_id":4,"bbox":[575,51,26,231.111],"area":6008.889,"segmentation":[[592.297,68.467,592,50.963,574.667,60.444,589.333,282.074,600.667,278.519,584.993,75.55,592.297,68.467]],"iscrowd":0},{"id":116,"image_id":19,"category_id":4,"bbox":[456,158,11.41,166.952],"area":1904.866,"segmentation":[[467.212,324.542,463.993,158.11,455.802,157.59,457.557,323.502,467.212,324.542]],"iscrowd":0},{"id":117,"image_id":19,"category_id":3,"bbox":[477,288,163,171],"area":27873,"segmentation":[],"iscrowd":0},{"id":118,"image_id":19,"category_id":3,"bbox":[240,280,118,114.5],"area":13511,"segmentation":[],"iscrowd":0},{"id":119,"image_id":19,"category_id":3,"bbox":[90,279,99.5,139],"area":13830.5,"segmentation":[],"iscrowd":0},{"id":120,"image_id":19,"category_id":3,"bbox":[49,292,41,64.5],"area":2644.5,"segmentation":[],"iscrowd":0},{"id":121,"image_id":19,"category_id":3,"bbox":[2,288,20.5,63.5],"area":1301.75,"segmentation":[],"iscrowd":0},{"id":122,"image_id":19,"category_id":3,"bbox":[200,193,120.5,153.5],"area":18496.75,"segmentation":[],"iscrowd":0},{"id":123,"image_id":20,"category_id":4,"bbox":[348,107,9.5,225],"area":2137.5,"segmentation":[],"iscrowd":0},{"id":124,"image_id":20,"category_id":4,"bbox":[330,205,7.5,74.5],"area":558.75,"segmentation":[],"iscrowd":0},{"id":125,"image_id":20,"category_id":4,"bbox":[115,176,10,102],"area":1020,"segmentation":[],"iscrowd":0},{"id":126,"image_id":20,"category_id":4,"bbox":[189,224,7.5,89],"area":667.5,"segmentation":[],"iscrowd":0},{"id":127,"image_id":20,"category_id":3,"bbox":[0,283,88,98.5],"area":8668,"segmentation":[],"iscrowd":0},{"id":128,"image_id":20,"category_id":3,"bbox":[297,301,33.5,48.5],"area":1624.75,"segmentation":[],"iscrowd":0},{"id":129,"image_id":20,"category_id":3,"bbox":[72,277,66,73.5],"area":4851,"segmentation":[],"iscrowd":0},{"id":130,"image_id":20,"category_id":3,"bbox":[214,307,29.5,29],"area":855.5,"segmentation":[],"iscrowd":0},{"id":131,"image_id":21,"category_id":4,"bbox":[78,59,56.5,253],"area":14294.5,"segmentation":[],"iscrowd":0},{"id":132,"image_id":21,"category_id":4,"bbox":[192,179,34,133.5],"area":4539,"segmentation":[],"iscrowd":0},{"id":133,"image_id":21,"category_id":4,"bbox":[235,221,24,102.5],"area":2460,"segmentation":[],"iscrowd":0},{"id":134,"image_id":21,"category_id":3,"bbox":[282,315,27.5,38],"area":1045,"segmentation":[],"iscrowd":0},{"id":135,"image_id":21,"category_id":3,"bbox":[30,313,124,74.5],"area":9238,"segmentation":[],"iscrowd":0},{"id":136,"image_id":21,"category_id":3,"bbox":[0,303,43,106],"area":4558,"segmentation":[],"iscrowd":0},{"id":137,"image_id":21,"category_id":3,"bbox":[177,321,68.5,30],"area":2055,"segmentation":[],"iscrowd":0},{"id":138,"image_id":21,"category_id":3,"bbox":[147,314,33.5,54.5],"area":1825.75,"segmentation":[],"iscrowd":0},{"id":139,"image_id":21,"category_id":3,"bbox":[236,318,37.5,26.5],"area":993.75,"segmentation":[],"iscrowd":0},{"id":140,"image_id":21,"category_id":3,"bbox":[518,308,35,35.5],"area":1242.5,"segmentation":[],"iscrowd":0},{"id":141,"image_id":22,"category_id":4,"bbox":[23,179,28,154.074],"area":4314.074,"segmentation":[[51.333,183.704,30,178.963,23.333,333.037,34,329.481,39.333,193.185,51.333,183.704]],"iscrowd":0},{"id":142,"image_id":22,"category_id":4,"bbox":[103,271,13.333,125.63],"area":1675.062,"segmentation":[[103.333,389.926,113.333,397.037,114.667,286.815,116.667,271.407,104,276.148,103.333,389.926]],"iscrowd":0},{"id":143,"image_id":22,"category_id":4,"bbox":[263,173,15.5,174],"area":2697,"segmentation":[],"iscrowd":0},{"id":144,"image_id":22,"category_id":3,"bbox":[153,355,159,240.5],"area":38239.5,"segmentation":[],"iscrowd":0},{"id":145,"image_id":22,"category_id":3,"bbox":[146,386,27.5,48],"area":1320,"segmentation":[],"iscrowd":0},{"id":146,"image_id":22,"category_id":3,"bbox":[0,314,82,194.5],"area":15949,"segmentation":[],"iscrowd":0},{"id":147,"image_id":23,"category_id":4,"bbox":[328,168,24.545,163.636],"area":4016.529,"segmentation":[[328.182,332.121,348.182,326.061,342.727,190.303,352.727,184.242,346.364,168.485,328.182,174.545,328.182,332.121]],"iscrowd":0},{"id":148,"image_id":23,"category_id":4,"bbox":[151,201,24.545,139.394],"area":3421.488,"segmentation":[[153.636,207.273,154.545,288.485,150.909,338.182,168.182,340.606,164.545,220.606,175.455,214.545,170,201.212,153.636,207.273]],"iscrowd":0},{"id":149,"image_id":23,"category_id":4,"bbox":[478,137,24.545,193.939],"area":4760.331,"segmentation":[[478.182,138.182,482.727,330.909,502.727,330.909,496.364,136.97,478.182,138.182]],"iscrowd":0},{"id":150,"image_id":23,"category_id":4,"bbox":[354,223,13.105,78.954],"area":1034.69,"segmentation":[[366.941,300.283,362.572,223.271,353.836,225.212,357.233,302.224,366.941,300.283]],"iscrowd":0},{"id":151,"image_id":23,"category_id":4,"bbox":[225,269,8.251,56.95],"area":469.914,"segmentation":[[232.978,325.522,231.522,268.572,224.727,269.866,225.698,324.228,232.978,325.522]],"iscrowd":0},{"id":152,"image_id":24,"category_id":4,"bbox":[233,61,86.5,299.556],"area":25911.556,"segmentation":[[266.5,101.333,271,109.333,271.5,129.778,271.5,143.111,270,187.556,268,214.222,267.5,247.111,265,293.333,265,318.222,265.5,358.222,275.5,360.889,283.5,360.889,283.5,343.111,283.5,299.556,282.5,264.889,283,219.556,283,180.444,282.5,144,282,123.556,284,93.333,289.5,95.111,298.5,96,319.5,78.222,313.5,61.333,300,66.667,288,67.556,274,64.889,258.5,69.333,248.5,65.778,235.5,71.111,233,96.889,255,88,266.5,101.333]],"iscrowd":0},{"id":153,"image_id":24,"category_id":4,"bbox":[285,220,46,142.222],"area":6542.222,"segmentation":[[300,289.778,300,311.111,300,347.556,307,362.667,314,354.667,311,319.111,311,298.667,311,257.778,311,247.111,327,244.444,330.5,224.889,302,220.444,288,220.444,284.5,245.333,294,249.778,300,289.778]],"iscrowd":0},{"id":154,"image_id":24,"category_id":1,"bbox":[338,339,22,50],"area":1100,"segmentation":[],"iscrowd":0},{"id":155,"image_id":24,"category_id":3,"bbox":[407,368,39.5,42],"area":1659,"segmentation":[],"iscrowd":0},{"id":156,"image_id":25,"category_id":4,"bbox":[174,143,44.5,256.5],"area":11414.25,"segmentation":[],"iscrowd":0},{"id":157,"image_id":25,"category_id":3,"bbox":[384,342,112.5,136.5],"area":15356.25,"segmentation":[],"iscrowd":0},{"id":158,"image_id":25,"category_id":3,"bbox":[296,380,57.5,82],"area":4715,"segmentation":[],"iscrowd":0},{"id":159,"image_id":25,"category_id":3,"bbox":[507,353,133,238],"area":31654,"segmentation":[],"iscrowd":0},{"id":160,"image_id":25,"category_id":4,"bbox":[332,209,14,174.5],"area":2443,"segmentation":[],"iscrowd":0},{"id":161,"image_id":25,"category_id":4,"bbox":[353,12,30.5,424.5],"area":12947.25,"segmentation":[],"iscrowd":0},{"id":162,"image_id":25,"category_id":4,"bbox":[472,47,32,263.5],"area":8432,"segmentation":[],"iscrowd":0},{"id":163,"image_id":26,"category_id":4,"bbox":[299,95,49.5,221],"area":10939.5,"segmentation":[],"iscrowd":0},{"id":164,"image_id":26,"category_id":3,"bbox":[262,277,79,123.5],"area":9756.5,"segmentation":[],"iscrowd":0},{"id":165,"image_id":26,"category_id":5,"bbox":[448,297,191,290],"area":55390,"segmentation":[],"iscrowd":0},{"id":166,"image_id":27,"category_id":4,"bbox":[308,75,19,150.5],"area":2859.5,"segmentation":[],"iscrowd":0},{"id":167,"image_id":27,"category_id":4,"bbox":[391,8,26.5,355],"area":9407.5,"segmentation":[],"iscrowd":0},{"id":168,"image_id":27,"category_id":3,"bbox":[107,293,95.5,82.5],"area":7878.75,"segmentation":[],"iscrowd":0},{"id":169,"image_id":27,"category_id":5,"bbox":[252,217,122.5,157.5],"area":19293.75,"segmentation":[],"iscrowd":0},{"id":170,"image_id":27,"category_id":2,"bbox":[517,267,29,95.5],"area":2769.5,"segmentation":[],"iscrowd":0},{"id":171,"image_id":27,"category_id":2,"bbox":[440,269,21,91],"area":1911,"segmentation":[],"iscrowd":0},{"id":172,"image_id":27,"category_id":2,"bbox":[422,277,20,84.5],"area":1690,"segmentation":[],"iscrowd":0},{"id":173,"image_id":27,"category_id":5,"bbox":[192,265,48.5,78],"area":3783,"segmentation":[],"iscrowd":0},{"id":174,"image_id":28,"category_id":4,"bbox":[249,196,42.5,200.889],"area":8537.778,"segmentation":[[249,264.889,251,287.111,250,314.667,250,345.778,250,375.111,251.5,393.778,263,396.444,263.5,367.111,263.5,325.333,263,288.889,264.5,264.889,273.5,240.889,284.5,234.667,291.5,215.111,287.5,200,280,195.556,271,202.667,260,220.444,252,244.444,249,264.889]],"iscrowd":0},{"id":175,"image_id":28,"category_id":4,"bbox":[140,224,38,177.778],"area":6755.556,"segmentation":[[160.5,269.333,161.5,307.556,165,329.778,165.5,360.889,165.5,401.778,175.5,400,176,373.333,178,337.778,176.5,294.222,173.5,255.111,159,231.111,146,224,140,244.444,152.5,258.667,160.5,269.333]],"iscrowd":0},{"id":176,"image_id":29,"category_id":4,"bbox":[349,187,36.364,231.515],"area":8418.733,"segmentation":[[364.545,209.697,371.818,418.182,385.455,418.182,377.273,189.091,349.091,186.667,350,204.848,364.545,209.697]],"iscrowd":0},{"id":177,"image_id":29,"category_id":4,"bbox":[128,224,16.364,155.152],"area":2538.843,"segmentation":[[128.182,224.242,128.182,379.394,144.545,379.394,140.909,225.455,128.182,224.242]],"iscrowd":0},{"id":178,"image_id":29,"category_id":4,"bbox":[336,299,18.017,108.467],"area":1954.28,"segmentation":[[342.873,308.659,345.603,405.479,353.793,407.662,349.425,299.195,335.776,299.195,336.321,309.387,342.873,308.659]],"iscrowd":0},{"id":179,"image_id":29,"category_id":3,"bbox":[292,371,57.5,82.5],"area":4743.75,"segmentation":[],"iscrowd":0},{"id":180,"image_id":29,"category_id":5,"bbox":[150,313,110,151.5],"area":16665,"segmentation":[],"iscrowd":0},{"id":181,"image_id":29,"category_id":3,"bbox":[504,309,136,176.5],"area":24004,"segmentation":[],"iscrowd":0},{"id":182,"image_id":30,"category_id":4,"bbox":[103,11,28,385.5],"area":10794,"segmentation":[],"iscrowd":0},{"id":183,"image_id":30,"category_id":4,"bbox":[189,193,22,188],"area":4136,"segmentation":[],"iscrowd":0},{"id":184,"image_id":30,"category_id":4,"bbox":[453,10,45.5,399],"area":18154.5,"segmentation":[],"iscrowd":0},{"id":185,"image_id":30,"category_id":4,"bbox":[370,156,19,201],"area":3819,"segmentation":[],"iscrowd":0},{"id":186,"image_id":30,"category_id":2,"bbox":[77,320,27.5,105.5],"area":2901.25,"segmentation":[],"iscrowd":0},{"id":187,"image_id":30,"category_id":2,"bbox":[55,346,21.5,81],"area":1741.5,"segmentation":[],"iscrowd":0},{"id":188,"image_id":31,"category_id":4,"bbox":[202,190,40,288],"area":11520,"segmentation":[[230,222.815,226.667,472.889,240,477.63,242,197.926,202.667,189.63,202,212.148,230,222.815]],"iscrowd":0},{"id":189,"image_id":31,"category_id":4,"bbox":[82,319,21.918,122.741],"area":2690.247,"segmentation":[[96.987,337.051,96.439,439.335,104.111,441.284,104.111,319.517,82.741,318.542,82.193,335.103,96.987,337.051]],"iscrowd":0},{"id":190,"image_id":31,"category_id":4,"bbox":[73,371,13.699,66.241],"area":907.424,"segmentation":[[72.878,374.068,74.521,433.49,81.097,437.387,81.097,383.81,86.576,379.913,84.385,371.146,72.878,374.068]],"iscrowd":0},{"id":191,"image_id":31,"category_id":4,"bbox":[102,369,15.821,71.94],"area":1138.194,"segmentation":[[111.358,379.173,111.967,441.377,117.139,441.377,117.444,369.978,101.622,369.437,101.926,379.714,111.358,379.173]],"iscrowd":0},{"id":192,"image_id":31,"category_id":4,"bbox":[118,388,11.258,21.636],"area":243.57,"segmentation":[[118.356,388.368,118.356,410.005,123.224,410.005,123.224,395.4,129.614,394.318,129.005,388.368,118.356,388.368]],"iscrowd":0},{"id":193,"image_id":31,"category_id":4,"bbox":[130,379,13.387,30.831],"area":412.752,"segmentation":[[130.222,379.173,130.831,388.909,138.133,389.991,138.133,410.005,143.61,410.005,143.306,381.878,130.222,379.173]],"iscrowd":0},{"id":194,"image_id":31,"category_id":4,"bbox":[188,334,18.56,111.967],"area":2078.077,"segmentation":[[199.897,340.769,198.376,333.737,193.812,336.983,188.336,341.851,191.074,352.128,194.421,351.587,194.421,445.704,201.723,445.163,200.506,351.046,206.895,351.046,205.374,339.146,199.897,340.769]],"iscrowd":0},{"id":195,"image_id":31,"category_id":4,"bbox":[179,385,10.894,48.235],"area":525.466,"segmentation":[[186.636,389.532,186.43,384.782,181.291,385.878,181.291,389.532,179.236,389.532,179.441,395.379,181.908,395.379,181.497,430.824,186.224,433.016,185.608,394.282,190.13,393.552,189.924,388.436,186.636,389.532]],"iscrowd":0},{"id":196,"image_id":31,"category_id":4,"bbox":[177,399,4.039,38.169],"area":154.162,"segmentation":[[177.075,436.866,180.901,435.732,180.476,398.697,176.863,399.074,176.863,399.452,177.075,436.866]],"iscrowd":0},{"id":197,"image_id":31,"category_id":4,"bbox":[170,408,5.904,31.16],"area":183.964,"segmentation":[[176.011,437.874,175.642,408.026,170.107,409.338,171.214,439.186,176.011,437.874]],"iscrowd":0},{"id":198,"image_id":31,"category_id":4,"bbox":[167,420,2.398,22.96],"area":55.068,"segmentation":[[169.369,443.122,169.369,421.146,166.97,420.49,167.155,443.45,169.369,443.122]],"iscrowd":0},{"id":199,"image_id":31,"category_id":3,"bbox":[86,442,61,80],"area":4880,"segmentation":[],"iscrowd":0},{"id":200,"image_id":31,"category_id":3,"bbox":[62,446,36,59],"area":2124,"segmentation":[],"iscrowd":0},{"id":201,"image_id":31,"category_id":3,"bbox":[34,448,34.5,48],"area":1656,"segmentation":[],"iscrowd":0},{"id":202,"image_id":32,"category_id":4,"bbox":[249,287,5,44],"area":220,"segmentation":[],"iscrowd":0},{"id":203,"image_id":32,"category_id":3,"bbox":[295,334,39.5,50],"area":1975,"segmentation":[],"iscrowd":0},{"id":204,"image_id":32,"category_id":3,"bbox":[247,333,23,35.5],"area":816.5,"segmentation":[],"iscrowd":0},{"id":205,"image_id":33,"category_id":4,"bbox":[487,113,18,137],"area":2466,"segmentation":[],"iscrowd":0},{"id":206,"image_id":33,"category_id":4,"bbox":[153,128,16.5,197.5],"area":3258.75,"segmentation":[],"iscrowd":0},{"id":207,"image_id":33,"category_id":3,"bbox":[108,282,56,78],"area":4368,"segmentation":[],"iscrowd":0},{"id":208,"image_id":33,"category_id":3,"bbox":[171,300,21,33.5],"area":703.5,"segmentation":[],"iscrowd":0},{"id":209,"image_id":34,"category_id":4,"bbox":[228,190,66.609,173.257],"area":11540.466,"segmentation":[[228.764,190.728,227.672,206.015,253.879,211.839,249.511,361.8,256.063,363.256,263.161,210.383,294.281,208.927,293.189,190,228.764,190.728]],"iscrowd":0},{"id":210,"image_id":34,"category_id":4,"bbox":[265,267,34.402,88.9],"area":3058.318,"segmentation":[[264.573,266.701,264.928,278.523,275.568,279.942,274.504,355.129,279.823,355.602,283.37,280.887,298.975,279.469,298.266,268.593,264.573,266.701]],"iscrowd":0},{"id":211,"image_id":34,"category_id":4,"bbox":[440,321,11.981,23.962],"area":287.086,"segmentation":[[445.502,329.16,446.132,344.715,451.807,344.715,451.807,321.173,440.772,320.753,439.826,327.059,445.502,329.16]],"iscrowd":0},{"id":212,"image_id":34,"category_id":4,"bbox":[273,294,25.538,36.153],"area":923.287,"segmentation":[[272.724,293.848,273.039,303.517,281.552,303.937,280.921,330.001,286.912,329.581,286.912,303.517,298.262,303.517,297.632,297.211,272.724,293.848]],"iscrowd":0},{"id":213,"image_id":34,"category_id":4,"bbox":[62,269,22.206,27.757],"area":616.358,"segmentation":[[82.808,282.504,84.196,268.934,63.378,269.551,61.99,294.224,69.392,296.691,70.318,280.037,82.808,282.504]],"iscrowd":0},{"id":214,"image_id":34,"category_id":4,"bbox":[133,294,14.804,20.972],"area":310.462,"segmentation":[[133.696,295.457,133.233,313.962,138.785,315.195,139.247,304.093,147.574,304.093,148.037,294.224,133.696,295.457]],"iscrowd":0},{"id":215,"image_id":34,"category_id":4,"bbox":[168,307,12.289,21.016],"area":258.259,"segmentation":[[179.791,313.099,180.326,307.756,169.105,306.687,168.037,326.278,171.51,327.703,171.777,312.742,179.791,313.099]],"iscrowd":0},{"id":216,"image_id":34,"category_id":4,"bbox":[498,298,25.637,92.212],"area":2364.077,"segmentation":[[523.452,309.561,523.096,299.59,498.566,298.063,497.815,308.582,506.716,311.46,503.867,385.527,508.496,390.275,510.989,378.88,510.633,369.384,512.413,308.611,523.452,309.561]],"iscrowd":0},{"id":217,"image_id":34,"category_id":3,"bbox":[41,331,177.5,125.5],"area":22276.25,"segmentation":[],"iscrowd":0},{"id":218,"image_id":34,"category_id":3,"bbox":[334,365,31.5,31],"area":976.5,"segmentation":[],"iscrowd":0},{"id":219,"image_id":34,"category_id":3,"bbox":[390,342,89,88],"area":7832,"segmentation":[],"iscrowd":0},{"id":220,"image_id":35,"category_id":4,"bbox":[386,21,76.364,304.242],"area":23233.058,"segmentation":[[389.091,20.606,386.364,52.121,432.727,54.545,437.273,323.636,462.727,324.848,453.636,24.242,389.091,20.606]],"iscrowd":0},{"id":221,"image_id":35,"category_id":4,"bbox":[175,147,38.182,158.788],"area":6062.81,"segmentation":[[210,146.667,174.545,160,175.455,304.242,192.727,305.455,187.273,172.121,209.091,168.485,212.727,158.788,210,146.667]],"iscrowd":0},{"id":222,"image_id":35,"category_id":4,"bbox":[8,55,33.636,223.03],"area":7501.928,"segmentation":[[10.909,54.545,9.091,81.212,8.182,127.273,11.818,277.576,35.455,269.091,27.273,110.303,41.818,99.394,28.182,69.091,10.909,54.545]],"iscrowd":0},{"id":223,"image_id":35,"category_id":4,"bbox":[232,212,9.591,71.343],"area":684.247,"segmentation":[[241.288,282.007,240.783,212.683,231.697,212.01,232.202,283.353,241.288,282.007]],"iscrowd":0},{"id":224,"image_id":35,"category_id":4,"bbox":[258,221,16.153,55.863],"area":902.363,"segmentation":[[273.594,230.182,274.099,221.433,257.946,224.798,258.955,277.296,265.013,274.604,263.498,232.202,273.594,230.182]],"iscrowd":0},{"id":225,"image_id":35,"category_id":4,"bbox":[354,190,27.258,101.63],"area":2770.281,"segmentation":[[354.36,189.8,355.369,205.28,372.027,204.607,374.046,291.43,381.618,289.411,381.113,194.511,354.36,189.8]],"iscrowd":0},{"id":226,"image_id":35,"category_id":4,"bbox":[348,231,17.841,49.788],"area":888.241,"segmentation":[[358.886,241.747,360.131,280.471,365.939,279.917,364.695,231.236,348.099,230.683,348.514,240.087,358.886,241.747]],"iscrowd":0},{"id":227,"image_id":35,"category_id":4,"bbox":[284,243,11.212,39.614],"area":444.139,"segmentation":[[284.494,244.786,284.494,282.906,289.259,281.785,288.138,250.018,295.706,249.645,295.145,243.291,284.494,244.786]],"iscrowd":0},{"id":228,"image_id":35,"category_id":3,"bbox":[231,280,30,34.5],"area":1035,"segmentation":[],"iscrowd":0},{"id":229,"image_id":35,"category_id":3,"bbox":[289,280,29,36.5],"area":1058.5,"segmentation":[],"iscrowd":0},{"id":230,"image_id":35,"category_id":3,"bbox":[332,283,22.5,26.5],"area":596.25,"segmentation":[],"iscrowd":0},{"id":231,"image_id":36,"category_id":4,"bbox":[196,37,60,306.901],"area":18414.035,"segmentation":[[200,188.07,200,266.667,199.474,324.678,233.684,344.327,232.105,301.287,230.526,192.749,228.421,130.058,231.579,104.795,243.684,95.439,253.684,73.918,256.316,37.427,240,50.526,241.053,43.977,219.474,49.591,196.316,90.76,197.368,142.222,200,188.07]],"iscrowd":0},{"id":232,"image_id":36,"category_id":3,"bbox":[406,257,73,93.5],"area":6825.5,"segmentation":[],"iscrowd":0},{"id":233,"image_id":36,"category_id":3,"bbox":[280,301,15.5,23.5],"area":364.25,"segmentation":[],"iscrowd":0},{"id":234,"image_id":37,"category_id":4,"bbox":[11,159,44.5,264],"area":11748,"segmentation":[],"iscrowd":0},{"id":235,"image_id":37,"category_id":3,"bbox":[326,455,75,78],"area":5850,"segmentation":[],"iscrowd":0},{"id":236,"image_id":37,"category_id":3,"bbox":[223,457,46,52],"area":2392,"segmentation":[],"iscrowd":0},{"id":237,"image_id":37,"category_id":3,"bbox":[309,462,20,44.5],"area":890,"segmentation":[],"iscrowd":0},{"id":238,"image_id":37,"category_id":3,"bbox":[288,452,22.5,46.5],"area":1046.25,"segmentation":[],"iscrowd":0},{"id":239,"image_id":37,"category_id":3,"bbox":[437,442,203,140],"area":28420,"segmentation":[],"iscrowd":0},{"id":240,"image_id":38,"category_id":4,"bbox":[181,149,40.667,184.889],"area":7518.815,"segmentation":[[196,149.333,180.667,327.111,190.667,334.222,205.333,171.852,221.333,170.667,219.333,151.704,196,149.333]],"iscrowd":0},{"id":241,"image_id":38,"category_id":3,"bbox":[334,371,22,38],"area":836,"segmentation":[],"iscrowd":0},{"id":242,"image_id":39,"category_id":4,"bbox":[285,68,60,395.5],"area":23730,"segmentation":[],"iscrowd":0},{"id":243,"image_id":39,"category_id":4,"bbox":[238,264,27,163.5],"area":4414.5,"segmentation":[],"iscrowd":0},{"id":244,"image_id":39,"category_id":4,"bbox":[77,252,25,175],"area":4375,"segmentation":[],"iscrowd":0},{"id":245,"image_id":39,"category_id":3,"bbox":[195,401,19,34.5],"area":655.5,"segmentation":[],"iscrowd":0},{"id":246,"image_id":40,"category_id":4,"bbox":[337,1,44.5,267.556],"area":11906.222,"segmentation":[[365,31.111,366,47.111,369,74.667,367,91.556,361.5,108.444,367.5,132.444,368.5,160.889,366,186.667,364.5,214.222,369,246.222,376,268.444,381,265.778,381.5,252.444,381.5,219.556,380,176.889,376.5,117.333,377.5,85.333,374,32.889,372,0.889,363.5,1.778,346.5,0.889,337,4.444,344.5,17.778,354.5,17.778,365,31.111]],"iscrowd":0},{"id":247,"image_id":40,"category_id":4,"bbox":[356,104,35.5,172.444],"area":6121.778,"segmentation":[[371.5,163.556,377.5,275.556,391,276.444,391,254.222,391,218.667,387,160,386.5,104,355.5,106.667,355.5,122.667,370.5,123.556,371.5,163.556]],"iscrowd":0},{"id":248,"image_id":40,"category_id":4,"bbox":[398,140,21.5,132.444],"area":2847.556,"segmentation":[[405,173.333,404,186.667,404,206.222,404,227.556,405.5,236.444,408.5,272.889,418.5,272.889,419.5,255.111,419.5,207.111,414.5,172.444,414,143.111,408.5,142.222,398.5,140.444,398,160,405,168,405,173.333]],"iscrowd":0},{"id":249,"image_id":40,"category_id":3,"bbox":[320,254,33,42],"area":1386,"segmentation":[],"iscrowd":0},{"id":250,"image_id":40,"category_id":3,"bbox":[291,248,22.5,43.5],"area":978.75,"segmentation":[],"iscrowd":0},{"id":251,"image_id":40,"category_id":4,"bbox":[441,0,34,284],"area":9656,"segmentation":[],"iscrowd":0},{"id":252,"image_id":41,"category_id":4,"bbox":[147,70,27.333,360.296],"area":9848.099,"segmentation":[[166,430.222,174,71.111,160.667,69.926,146.667,429.037,166,430.222]],"iscrowd":0},{"id":253,"image_id":41,"category_id":4,"bbox":[275,236,12.667,143.407],"area":1816.494,"segmentation":[[276,379.259,284,378.074,282.667,247.704,288,241.778,275.333,235.852,276,379.259]],"iscrowd":0},{"id":254,"image_id":41,"category_id":4,"bbox":[301,288,7.606,87.085],"area":662.411,"segmentation":[[300.911,374.305,305.779,374.846,305.779,294.792,308.518,287.76,301.52,289.383,300.911,374.305]],"iscrowd":0},{"id":255,"image_id":41,"category_id":3,"bbox":[461,382,142,199],"area":28258,"segmentation":[],"iscrowd":0},{"id":256,"image_id":41,"category_id":3,"bbox":[404,378,50.5,83.5],"area":4216.75,"segmentation":[],"iscrowd":0},{"id":257,"image_id":42,"category_id":4,"bbox":[181,274,29.333,167.111],"area":4901.926,"segmentation":[[181.333,278.519,189.333,304.593,184.667,438.519,196.667,440.889,199.333,308.148,210.667,292.741,202.667,273.778,181.333,278.519]],"iscrowd":0},{"id":258,"image_id":42,"category_id":4,"bbox":[296,213,17.083,297.778],"area":5087.037,"segmentation":[[300,213.333,296.25,511.111,313.125,510,313.333,215.704,300,213.333]],"iscrowd":0},{"id":259,"image_id":42,"category_id":4,"bbox":[235,367,11.333,66.37],"area":752.198,"segmentation":[[246.667,433.778,246.667,367.407,235.333,370.963,236,431.407,246.667,433.778]],"iscrowd":0},{"id":260,"image_id":42,"category_id":4,"bbox":[345,306,20.667,196.741],"area":4065.975,"segmentation":[[346,502.519,356.667,501.333,352.667,331.852,365.333,320,354.667,305.778,344.667,311.704,346,502.519]],"iscrowd":0},{"id":261,"image_id":42,"category_id":4,"bbox":[541,7,49.333,244.148],"area":12044.642,"segmentation":[[540.667,9.481,577.333,251.259,590,237.037,555.333,7.111,540.667,9.481]],"iscrowd":0},{"id":262,"image_id":42,"category_id":3,"bbox":[234,441,49.5,80],"area":3960,"segmentation":[],"iscrowd":0},{"id":263,"image_id":42,"category_id":3,"bbox":[135,447,73,86.5],"area":6314.5,"segmentation":[],"iscrowd":0},{"id":264,"image_id":42,"category_id":3,"bbox":[94,418,44,93.5],"area":4114,"segmentation":[],"iscrowd":0},{"id":265,"image_id":43,"category_id":4,"bbox":[208,303,14.596,152.154],"area":2220.861,"segmentation":[[214.962,454.692,222.26,302.538,214.298,302.538,207.663,452.333,214.962,454.692]],"iscrowd":0},{"id":266,"image_id":43,"category_id":4,"bbox":[333,106,37.922,302.486],"area":11470.763,"segmentation":[[371.233,151.687,371.233,129.51,359.757,127.736,359.757,106.447,346.783,106.447,346.284,129.51,333.311,137.494,335.806,155.235,346.783,154.348,351.274,408.933,365.744,405.384,357.262,155.235,371.233,151.687]],"iscrowd":0},{"id":267,"image_id":43,"category_id":3,"bbox":[216,451,55,64.5],"area":3547.5,"segmentation":[],"iscrowd":0},{"id":268,"image_id":44,"category_id":4,"bbox":[51,147,54.5,327.5],"area":17848.75,"segmentation":[],"iscrowd":0},{"id":269,"image_id":44,"category_id":3,"bbox":[204,430,51,74.5],"area":3799.5,"segmentation":[],"iscrowd":0},{"id":270,"image_id":44,"category_id":3,"bbox":[363,419,59,65.5],"area":3864.5,"segmentation":[],"iscrowd":0},{"id":271,"image_id":44,"category_id":3,"bbox":[317,437,24.5,30],"area":735,"segmentation":[],"iscrowd":0},{"id":272,"image_id":45,"category_id":4,"bbox":[392,0,90,346.5],"area":31185,"segmentation":[],"iscrowd":0},{"id":273,"image_id":45,"category_id":4,"bbox":[346,179,30,121],"area":3630,"segmentation":[],"iscrowd":0},{"id":274,"image_id":45,"category_id":4,"bbox":[493,151,12.5,120],"area":1500,"segmentation":[],"iscrowd":0},{"id":275,"image_id":45,"category_id":4,"bbox":[586,62,10,265.5],"area":2655,"segmentation":[],"iscrowd":0},{"id":276,"image_id":45,"category_id":3,"bbox":[328,285,18,22],"area":396,"segmentation":[],"iscrowd":0},{"id":277,"image_id":46,"category_id":4,"bbox":[374,126,16.5,188],"area":3102,"segmentation":[],"iscrowd":0},{"id":278,"image_id":46,"category_id":4,"bbox":[399,80,26.5,254.5],"area":6744.25,"segmentation":[],"iscrowd":0},{"id":279,"image_id":46,"category_id":3,"bbox":[321,274,42.5,59.5],"area":2528.75,"segmentation":[],"iscrowd":0},{"id":280,"image_id":47,"category_id":4,"bbox":[345,89,24.5,279],"area":6835.5,"segmentation":[],"iscrowd":0},{"id":281,"image_id":47,"category_id":4,"bbox":[223,209,11,108],"area":1188,"segmentation":[],"iscrowd":0},{"id":282,"image_id":47,"category_id":4,"bbox":[186,191,8,109],"area":872,"segmentation":[],"iscrowd":0},{"id":283,"image_id":47,"category_id":3,"bbox":[197,319,43.5,41],"area":1783.5,"segmentation":[],"iscrowd":0},{"id":284,"image_id":47,"category_id":3,"bbox":[157,311,38.5,51],"area":1963.5,"segmentation":[],"iscrowd":0},{"id":285,"image_id":47,"category_id":3,"bbox":[108,316,44,48],"area":2112,"segmentation":[],"iscrowd":0},{"id":286,"image_id":47,"category_id":3,"bbox":[0,287,102,72],"area":7344,"segmentation":[],"iscrowd":0},{"id":287,"image_id":47,"category_id":2,"bbox":[466,275,41.5,130],"area":5395,"segmentation":[],"iscrowd":0},{"id":288,"image_id":48,"category_id":4,"bbox":[332,28,37,298.5],"area":11044.5,"segmentation":[],"iscrowd":0},{"id":289,"image_id":48,"category_id":4,"bbox":[506,116,23,188.5],"area":4335.5,"segmentation":[],"iscrowd":0},{"id":290,"image_id":48,"category_id":4,"bbox":[212,194,22.5,125.5],"area":2823.75,"segmentation":[],"iscrowd":0},{"id":291,"image_id":48,"category_id":4,"bbox":[130,136,32.5,197.333],"area":6413.333,"segmentation":[[132.5,185.778,135,208,135,224,136,231.111,136,247.111,136.5,264.889,136.5,285.333,136.5,304.889,135.5,315.556,139.5,333.333,146.5,333.333,146.5,325.333,146.5,309.333,146.5,296.889,140,237.333,144,208.889,143.5,180.444,143,167.111,153.5,167.111,162.5,158.222,160,141.333,150,136,141,138.667,130,144.889,131.5,163.556,131.5,168.889,132.5,185.778]],"iscrowd":0},{"id":292,"image_id":49,"category_id":4,"bbox":[284,146,40.5,167],"area":6763.5,"segmentation":[],"iscrowd":0},{"id":293,"image_id":49,"category_id":3,"bbox":[233,289,21,24.5],"area":514.5,"segmentation":[],"iscrowd":0},{"id":294,"image_id":50,"category_id":4,"bbox":[364,86,14.5,198],"area":2871,"segmentation":[],"iscrowd":0},{"id":295,"image_id":50,"category_id":4,"bbox":[336,158,11.5,132.5],"area":1523.75,"segmentation":[],"iscrowd":0},{"id":296,"image_id":50,"category_id":4,"bbox":[322,194,10,98.5],"area":985,"segmentation":[],"iscrowd":0},{"id":297,"image_id":50,"category_id":3,"bbox":[365,288,122.5,134],"area":16415,"segmentation":[],"iscrowd":0},{"id":298,"image_id":50,"category_id":4,"bbox":[487,0,29,249],"area":7221,"segmentation":[],"iscrowd":0},{"id":299,"image_id":51,"category_id":4,"bbox":[218,161,58,269.037],"area":15604.148,"segmentation":[[218,161.185,219.333,186.074,236,187.259,234,430.222,244,427.852,248.667,188.444,276,184.889,276,161.185,218,161.185]],"iscrowd":0},{"id":300,"image_id":51,"category_id":4,"bbox":[262,328,25.272,91.12],"area":2302.761,"segmentation":[[275.497,330.944,263.395,327.78,262.327,342.334,270.158,344.232,270.513,418.9,276.92,418.9,277.276,340.436,287.599,338.537,286.887,328.413,275.497,330.944]],"iscrowd":0},{"id":301,"image_id":51,"category_id":4,"bbox":[167,285,19.221,143.641],"area":2760.881,"segmentation":[[170.495,292.344,166.935,426.494,174.054,429.025,175.122,301.203,186.156,298.039,184.732,285.384,170.495,292.344]],"iscrowd":0},{"id":302,"image_id":51,"category_id":4,"bbox":[612,116,27.611,103.2],"area":2849.421,"segmentation":[[612.389,137.358,617.704,162.068,625.062,157.708,639.371,218.756,639.371,185.325,631.603,147.533,640,125.003,632.83,115.555,612.389,137.358]],"iscrowd":0},{"id":303,"image_id":51,"category_id":4,"bbox":[223,364,5.739,69.291],"area":397.65,"segmentation":[[228.597,433.601,228.836,364.31,223.097,365.16,223.575,433.176,228.597,433.601]],"iscrowd":0},{"id":304,"image_id":51,"category_id":4,"bbox":[198,377,4.668,46.335],"area":216.299,"segmentation":[[202.285,423.242,202.479,376.907,197.811,377.944,198.395,421.859,202.285,423.242]],"iscrowd":0},{"id":305,"image_id":51,"category_id":3,"bbox":[236,427,57.5,70],"area":4025,"segmentation":[],"iscrowd":0},{"id":306,"image_id":51,"category_id":3,"bbox":[79,420,71,63.5],"area":4508.5,"segmentation":[],"iscrowd":0},{"id":307,"image_id":51,"category_id":3,"bbox":[195,432,30.5,34.5],"area":1052.25,"segmentation":[],"iscrowd":0},{"id":308,"image_id":51,"category_id":3,"bbox":[152,426,22,32],"area":704,"segmentation":[],"iscrowd":0},{"id":309,"image_id":52,"category_id":4,"bbox":[144,39,31.5,328.5],"area":10347.75,"segmentation":[],"iscrowd":0},{"id":310,"image_id":52,"category_id":3,"bbox":[276,358,58.5,122],"area":7137,"segmentation":[],"iscrowd":0},{"id":311,"image_id":53,"category_id":4,"bbox":[46,82,25.5,311.5],"area":7943.25,"segmentation":[],"iscrowd":0},{"id":312,"image_id":53,"category_id":4,"bbox":[0,397,83,114],"area":9462,"segmentation":[],"iscrowd":0},{"id":313,"image_id":54,"category_id":4,"bbox":[377,8,76,370.963],"area":28193.185,"segmentation":[[377.333,32,416,40.296,440,374.519,453.333,379.259,436.667,48.593,429.333,15.407,377.333,8.296,377.333,32]],"iscrowd":0},{"id":314,"image_id":54,"category_id":4,"bbox":[346,209,29.776,174.015],"area":5181.395,"segmentation":[[362.099,226.341,366.548,380.885,375.789,382.71,372.367,215.389,346.014,208.696,346.014,221.473,362.099,226.341]],"iscrowd":0},{"id":315,"image_id":54,"category_id":4,"bbox":[332,293,17.112,90.658],"area":1551.378,"segmentation":[[341.564,305.438,342.933,382.102,348.752,383.927,346.356,293.269,331.639,294.486,331.981,303.004,341.564,305.438]],"iscrowd":0},{"id":316,"image_id":54,"category_id":3,"bbox":[474,312,165.5,274.5],"area":45429.75,"segmentation":[],"iscrowd":0},{"id":317,"image_id":54,"category_id":3,"bbox":[405,385,80,99],"area":7920,"segmentation":[],"iscrowd":0},{"id":318,"image_id":54,"category_id":3,"bbox":[368,390,39,52],"area":2028,"segmentation":[],"iscrowd":0},{"id":319,"image_id":54,"category_id":3,"bbox":[354,385,14,46.5],"area":651,"segmentation":[],"iscrowd":0},{"id":320,"image_id":54,"category_id":3,"bbox":[305,388,25,35.5],"area":887.5,"segmentation":[],"iscrowd":0},{"id":321,"image_id":55,"category_id":4,"bbox":[321,22,47,347.5],"area":16332.5,"segmentation":[],"iscrowd":0},{"id":322,"image_id":55,"category_id":3,"bbox":[0,263,108,226],"area":24408,"segmentation":[],"iscrowd":0},{"id":323,"image_id":56,"category_id":4,"bbox":[346,158,28.5,199.5],"area":5685.75,"segmentation":[],"iscrowd":0},{"id":324,"image_id":56,"category_id":4,"bbox":[509,14,50,400.5],"area":20025,"segmentation":[],"iscrowd":0},{"id":325,"image_id":56,"category_id":4,"bbox":[52,223,7.5,155.5],"area":1166.25,"segmentation":[],"iscrowd":0},{"id":326,"image_id":56,"category_id":4,"bbox":[138,256,8,104.5],"area":836,"segmentation":[],"iscrowd":0},{"id":327,"image_id":56,"category_id":3,"bbox":[311,336,24,39],"area":936,"segmentation":[],"iscrowd":0},{"id":328,"image_id":56,"category_id":3,"bbox":[93,347,26,30],"area":780,"segmentation":[],"iscrowd":0},{"id":329,"image_id":56,"category_id":3,"bbox":[253,335,19,32],"area":608,"segmentation":[],"iscrowd":0},{"id":330,"image_id":57,"category_id":4,"bbox":[360,87,45,214],"area":9630,"segmentation":[],"iscrowd":0},{"id":331,"image_id":57,"category_id":3,"bbox":[30,240,178,234.5],"area":41741,"segmentation":[],"iscrowd":0},{"id":332,"image_id":57,"category_id":3,"bbox":[274,268,68,104.5],"area":7106,"segmentation":[],"iscrowd":0},{"id":333,"image_id":57,"category_id":5,"bbox":[412,0,226,476],"area":107576,"segmentation":[],"iscrowd":0},{"id":334,"image_id":57,"category_id":4,"bbox":[0,0,22,341],"area":7502,"segmentation":[],"iscrowd":0},{"id":335,"image_id":58,"category_id":4,"bbox":[33,1,57.333,400.593],"area":22967.309,"segmentation":[[53.333,21.333,40.667,119.704,33.333,401.778,53.333,395.852,60.667,43.852,90.667,17.778,84,1.185,53.333,21.333]],"iscrowd":0},{"id":336,"image_id":58,"category_id":4,"bbox":[373,136,28.667,207.407],"area":5945.679,"segmentation":[[387.333,157.63,393.333,341.333,401.333,343.704,396,136.296,372.667,137.481,374.667,157.63,387.333,157.63]],"iscrowd":0},{"id":337,"image_id":58,"category_id":4,"bbox":[487,177,18.667,163.556],"area":3053.037,"segmentation":[[486.667,183.704,492.667,340.148,505.333,335.407,497.333,176.593,486.667,183.704]],"iscrowd":0},{"id":338,"image_id":58,"category_id":3,"bbox":[164,341,77,88],"area":6776,"segmentation":[],"iscrowd":0},{"id":339,"image_id":58,"category_id":3,"bbox":[340,338,41,50],"area":2050,"segmentation":[],"iscrowd":0},{"id":340,"image_id":58,"category_id":3,"bbox":[308,333,25.5,33.5],"area":854.25,"segmentation":[],"iscrowd":0},{"id":341,"image_id":58,"category_id":3,"bbox":[0,376,25,108],"area":2700,"segmentation":[],"iscrowd":0},{"id":342,"image_id":58,"category_id":3,"bbox":[253,335,32.5,39],"area":1267.5,"segmentation":[],"iscrowd":0},{"id":343,"image_id":58,"category_id":3,"bbox":[248,318,22.5,39],"area":877.5,"segmentation":[],"iscrowd":0},{"id":344,"image_id":58,"category_id":3,"bbox":[287,331,17,25.5],"area":433.5,"segmentation":[],"iscrowd":0},{"id":345,"image_id":58,"category_id":2,"bbox":[560,322,20.5,94.5],"area":1937.25,"segmentation":[],"iscrowd":0},{"id":346,"image_id":58,"category_id":2,"bbox":[517,318,14,83.5],"area":1169,"segmentation":[],"iscrowd":0},{"id":347,"image_id":59,"category_id":4,"bbox":[132,81,142.667,311.111],"area":44385.185,"segmentation":[[152.667,114.667,160.667,114.667,177.333,114.667,189.333,118.222,193.333,120,194,127.111,194,136,194,144,194,152.889,194,163.556,192.667,179.556,192.667,194.667,192,213.333,191.333,230.222,192,256,192,273.778,192,303.111,190.667,324.444,190,337.778,188,358.222,187.333,392,196,392,205.333,392,213.333,389.333,213.333,368,214,342.222,214,312.889,214,288,213.333,264.889,213.333,246.222,210.667,227.556,210.667,198.222,210,173.333,211.333,161.778,212.667,136,212.667,119.111,222,109.333,232,108.444,254,107.556,273.333,104.889,274.667,93.333,270,81.778,256.667,80.889,246.667,82.667,227.333,88.889,218,88,197.333,91.556,190,91.556,171.333,94.222,162.667,90.667,151.333,90.667,142,88,132,90.667,132,112,152.667,114.667]],"iscrowd":0},{"id":348,"image_id":59,"category_id":4,"bbox":[261,260,53.333,102.222],"area":5451.852,"segmentation":[[280.667,306.667,280.667,331.556,279.333,361.778,293.333,357.333,293.333,333.333,293.333,319.111,293.333,301.333,292,280,314.667,272.889,310,259.556,302.667,259.556,286.667,265.778,278.667,259.556,261.333,263.111,270.667,276.444,281.333,277.333,280.667,306.667]],"iscrowd":0},{"id":349,"image_id":59,"category_id":3,"bbox":[223,370,62.5,50],"area":3125,"segmentation":[],"iscrowd":0},{"id":350,"image_id":59,"category_id":3,"bbox":[173,353,51.5,32],"area":1648,"segmentation":[],"iscrowd":0},{"id":351,"image_id":59,"category_id":3,"bbox":[277,369,23.5,22],"area":517,"segmentation":[],"iscrowd":0},{"id":352,"image_id":60,"category_id":4,"bbox":[26,19,57,323],"area":18411,"segmentation":[],"iscrowd":0},{"id":353,"image_id":60,"category_id":4,"bbox":[164,207,23,139.5],"area":3208.5,"segmentation":[],"iscrowd":0},{"id":354,"image_id":60,"category_id":4,"bbox":[297,154,30.5,159],"area":4849.5,"segmentation":[],"iscrowd":0},{"id":355,"image_id":60,"category_id":3,"bbox":[308,224,124,192],"area":23808,"segmentation":[],"iscrowd":0},{"id":356,"image_id":60,"category_id":3,"bbox":[214,287,52.5,96.5],"area":5066.25,"segmentation":[],"iscrowd":0},{"id":357,"image_id":61,"category_id":4,"bbox":[30,44,36.5,258.667],"area":9441.333,"segmentation":[[31,144.889,29.5,183.111,31.5,218.667,32,264.889,37.5,296,47.5,302.222,57,287.111,55.5,258.667,53.5,232,51.5,198.222,51.5,169.778,53,128,52.5,98.667,51.5,77.333,57,74.667,66,50.667,60,43.556,41,49.778,30,52.444,32.5,101.333,31,144.889]],"iscrowd":0},{"id":358,"image_id":61,"category_id":4,"bbox":[284,54,26.5,208],"area":5512,"segmentation":[[291.5,88.889,297.5,103.111,296.5,138.667,295,176.889,295,209.778,296.5,234.667,297,262.222,304.5,262.222,310,241.778,309,219.556,305.5,192,305.5,153.778,309,120.889,309,104.889,309,74.667,304,60.444,288.5,54.222,283.5,56.889,284.5,91.556,291.5,88.889]],"iscrowd":0},{"id":359,"image_id":61,"category_id":3,"bbox":[267,267,62.5,78],"area":4875,"segmentation":[],"iscrowd":0},{"id":360,"image_id":61,"category_id":3,"bbox":[197,265,39.5,46.5],"area":1836.75,"segmentation":[],"iscrowd":0},{"id":361,"image_id":61,"category_id":3,"bbox":[86,271,44,45.5],"area":2002,"segmentation":[],"iscrowd":0},{"id":362,"image_id":61,"category_id":3,"bbox":[243,259,20.5,35.5],"area":727.75,"segmentation":[],"iscrowd":0},{"id":363,"image_id":62,"category_id":4,"bbox":[275,181,11.333,182.519],"area":2068.543,"segmentation":[[283.333,362.667,286,181.333,276,183.704,274.667,363.852,283.333,362.667]],"iscrowd":0},{"id":364,"image_id":62,"category_id":4,"bbox":[284,223,22.727,123.636],"area":2809.917,"segmentation":[[283.636,223.03,284.545,236.768,289.091,236.768,289.091,346.667,297.273,343.434,296.818,235.152,305,234.343,306.364,223.03,283.636,223.03]],"iscrowd":0},{"id":365,"image_id":62,"category_id":3,"bbox":[597,512,43,128],"area":5504,"segmentation":[],"iscrowd":0},{"id":366,"image_id":62,"category_id":3,"bbox":[440,352,74,75.5],"area":5587,"segmentation":[],"iscrowd":0},{"id":367,"image_id":62,"category_id":3,"bbox":[352,343,37.5,51],"area":1912.5,"segmentation":[],"iscrowd":0},{"id":368,"image_id":62,"category_id":3,"bbox":[291,339,40,59],"area":2360,"segmentation":[],"iscrowd":0},{"id":369,"image_id":62,"category_id":3,"bbox":[144,341,65.5,73.5],"area":4814.25,"segmentation":[],"iscrowd":0},{"id":370,"image_id":62,"category_id":3,"bbox":[202,339,29,42],"area":1218,"segmentation":[],"iscrowd":0},{"id":371,"image_id":62,"category_id":3,"bbox":[235,331,18,24.5],"area":441,"segmentation":[],"iscrowd":0},{"id":372,"image_id":62,"category_id":3,"bbox":[385,339,22,34.5],"area":759,"segmentation":[],"iscrowd":0},{"id":373,"image_id":63,"category_id":4,"bbox":[335,143,43.333,254.815],"area":11041.975,"segmentation":[[378.667,162.37,344,143.407,335.333,164.741,367.333,175.407,364,395.852,373.333,398.222,378.667,162.37]],"iscrowd":0},{"id":374,"image_id":63,"category_id":4,"bbox":[305,243,44.415,155.861],"area":6922.562,"segmentation":[[347.596,243.06,305.499,243.747,305.885,256.106,339.1,258.852,338.327,394.801,347.983,398.921,349.914,276.704,347.596,243.06]],"iscrowd":0},{"id":375,"image_id":63,"category_id":4,"bbox":[227,290,51.367,83.766],"area":4302.834,"segmentation":[[229.8,290.436,227.483,374.203,235.207,372.829,236.366,304.168,278.85,300.735,276.919,291.809,229.8,290.436]],"iscrowd":0},{"id":376,"image_id":63,"category_id":3,"bbox":[31,378,84,99],"area":8316,"segmentation":[],"iscrowd":0},{"id":377,"image_id":63,"category_id":3,"bbox":[103,379,66,79],"area":5214,"segmentation":[],"iscrowd":0},{"id":378,"image_id":63,"category_id":3,"bbox":[148,379,50,64.5],"area":3225,"segmentation":[],"iscrowd":0},{"id":379,"image_id":63,"category_id":3,"bbox":[245,383,42,61],"area":2562,"segmentation":[],"iscrowd":0},{"id":380,"image_id":63,"category_id":3,"bbox":[370,382,54,70],"area":3780,"segmentation":[],"iscrowd":0},{"id":381,"image_id":63,"category_id":3,"bbox":[309,389,29.5,34.5],"area":1017.75,"segmentation":[],"iscrowd":0},{"id":382,"image_id":63,"category_id":3,"bbox":[587,446,53,134.5],"area":7128.5,"segmentation":[],"iscrowd":0},{"id":383,"image_id":64,"category_id":4,"bbox":[408,1,32.667,296.296],"area":9679.012,"segmentation":[[440.667,11.852,412.667,1.185,408,21.333,429.333,27.259,429.333,295.111,440,297.481,440.667,11.852]],"iscrowd":0},{"id":384,"image_id":64,"category_id":4,"bbox":[345,137,22,138.667],"area":3050.667,"segmentation":[[364.667,138.667,355.333,138.667,345.333,137.481,344.667,158.815,356,160,356.667,276.148,366.667,276.148,364.667,138.667]],"iscrowd":0},{"id":385,"image_id":64,"category_id":4,"bbox":[299,157,17.5,134],"area":2345,"segmentation":[],"iscrowd":0},{"id":386,"image_id":64,"category_id":4,"bbox":[286,210,9.5,66.5],"area":631.75,"segmentation":[],"iscrowd":0},{"id":387,"image_id":64,"category_id":4,"bbox":[35,179,18,104.296],"area":1877.333,"segmentation":[[50.667,178.963,35.333,180.148,34.667,197.926,44,199.111,44,283.259,52.667,280.889,50.667,178.963]],"iscrowd":0},{"id":388,"image_id":64,"category_id":3,"bbox":[246,271,32,55.5],"area":1776,"segmentation":[],"iscrowd":0},{"id":389,"image_id":64,"category_id":3,"bbox":[191,279,17.5,26.5],"area":463.75,"segmentation":[],"iscrowd":0},{"id":390,"image_id":64,"category_id":3,"bbox":[116,279,22.5,36.5],"area":821.25,"segmentation":[],"iscrowd":0},{"id":391,"image_id":65,"category_id":4,"bbox":[318,3,51.5,301.5],"area":15527.25,"segmentation":[],"iscrowd":0},{"id":392,"image_id":65,"category_id":5,"bbox":[392,177,184.5,224.5],"area":41420.25,"segmentation":[],"iscrowd":0},{"id":393,"image_id":65,"category_id":3,"bbox":[286,248,44,66.5],"area":2926,"segmentation":[],"iscrowd":0},{"id":394,"image_id":66,"category_id":4,"bbox":[395,50,22.667,194.37],"area":4405.728,"segmentation":[[409.333,62.815,407.333,239.407,416.667,244.148,417.333,50.963,394.667,49.778,396,62.815,409.333,62.815]],"iscrowd":0},{"id":395,"image_id":66,"category_id":4,"bbox":[346,110,18,118.519],"area":2133.333,"segmentation":[[354.667,128,355.333,225.185,364,228.741,362,111.407,346,110.222,347.333,129.185,354.667,128]],"iscrowd":0},{"id":396,"image_id":66,"category_id":4,"bbox":[118,117,17.333,111.407],"area":1931.062,"segmentation":[[118,122.074,119.333,225.185,126.667,228.741,124.667,132.741,135.333,132.741,133.333,117.333,118,122.074]],"iscrowd":0},{"id":397,"image_id":66,"category_id":4,"bbox":[33,64,23.333,178.963],"area":4175.803,"segmentation":[[39.333,73.481,33.333,239.407,46,242.963,46,86.519,56.667,82.963,56.667,64,39.333,73.481]],"iscrowd":0},{"id":398,"image_id":66,"category_id":4,"bbox":[241,148,19.333,72.296],"area":1397.728,"segmentation":[[242,148.148,241.333,163.556,248.667,174.222,249.333,218.074,254.667,220.444,254.667,163.556,260.667,162.37,260,149.333,242,148.148]],"iscrowd":0},{"id":399,"image_id":66,"category_id":3,"bbox":[508,276,132,330.5],"area":43626,"segmentation":[],"iscrowd":0},{"id":400,"image_id":67,"category_id":4,"bbox":[416,13,22.5,356.5],"area":8021.25,"segmentation":[],"iscrowd":0},{"id":401,"image_id":67,"category_id":4,"bbox":[175,139,15.5,186.5],"area":2890.75,"segmentation":[],"iscrowd":0},{"id":402,"image_id":67,"category_id":4,"bbox":[356,126,11,171],"area":1881,"segmentation":[],"iscrowd":0},{"id":403,"image_id":67,"category_id":4,"bbox":[44,6,26.5,300.5],"area":7963.25,"segmentation":[],"iscrowd":0},{"id":404,"image_id":67,"category_id":4,"bbox":[207,203,13.5,96],"area":1296,"segmentation":[],"iscrowd":0},{"id":405,"image_id":67,"category_id":3,"bbox":[293,287,86.5,104.5],"area":9039.25,"segmentation":[],"iscrowd":0},{"id":406,"image_id":67,"category_id":3,"bbox":[198,302,46,49],"area":2254,"segmentation":[],"iscrowd":0},{"id":407,"image_id":67,"category_id":3,"bbox":[0,307,106,188],"area":19928,"segmentation":[],"iscrowd":0},{"id":408,"image_id":67,"category_id":3,"bbox":[244,294,26,40],"area":1040,"segmentation":[],"iscrowd":0},{"id":409,"image_id":68,"category_id":4,"bbox":[322,132,43.092,318.09],"area":13707.114,"segmentation":[[345.204,184.026,354.104,449.656,364.877,447.157,355.04,161.543,321.785,131.566,322.722,166.539,345.204,184.026]],"iscrowd":0},{"id":410,"image_id":68,"category_id":4,"bbox":[279,290,21.078,152.383],"area":3211.874,"segmentation":[[288.061,323.086,291.339,438.83,299.77,442.161,295.555,306.432,278.693,289.778,278.693,315.592,288.061,323.086]],"iscrowd":0},{"id":411,"image_id":68,"category_id":4,"bbox":[459,198,32.451,223.461],"area":7251.541,"segmentation":[[472.8,232.954,482.248,419.902,491.696,421.362,484.712,227.842,459.245,197.901,459.245,215.428,472.8,232.954]],"iscrowd":0},{"id":412,"image_id":68,"category_id":4,"bbox":[266,342,13.739,26.504],"area":364.147,"segmentation":[[274.201,357.026,274.493,365.341,280.047,368.979,279.462,346.632,266.308,342.475,268.062,351.309,274.201,357.026]],"iscrowd":0},{"id":413,"image_id":68,"category_id":3,"bbox":[2,396,129,180],"area":23220,"segmentation":[],"iscrowd":0},{"id":414,"image_id":68,"category_id":3,"bbox":[175,425,34.5,43.5],"area":1500.75,"segmentation":[],"iscrowd":0},{"id":415,"image_id":68,"category_id":3,"bbox":[217,360,67.5,136.5],"area":9213.75,"segmentation":[],"iscrowd":0},{"id":416,"image_id":69,"category_id":4,"bbox":[93,6,32,353],"area":11296,"segmentation":[],"iscrowd":0},{"id":417,"image_id":69,"category_id":4,"bbox":[132,18,18,112.5],"area":2025,"segmentation":[],"iscrowd":0},{"id":418,"image_id":69,"category_id":4,"bbox":[333,117,11.5,85.5],"area":983.25,"segmentation":[],"iscrowd":0},{"id":419,"image_id":69,"category_id":3,"bbox":[194,318,147.5,100],"area":14750,"segmentation":[],"iscrowd":0},{"id":420,"image_id":69,"category_id":3,"bbox":[339,320,49.5,75.5],"area":3737.25,"segmentation":[],"iscrowd":0},{"id":421,"image_id":69,"category_id":3,"bbox":[456,335,67.5,59],"area":3982.5,"segmentation":[],"iscrowd":0},{"id":422,"image_id":69,"category_id":3,"bbox":[596,333,38,51],"area":1938,"segmentation":[],"iscrowd":0}]}